Status,Jumlah,Persentase (%)
Aman,110275,93.17701732150402
Intervensi,4350,3.67553865652725
Waspada,3725,3.1474440219687363
