Model,MAE
LightGBM,3437.9329173278284
XGBoost,3444.395751953125
Random Forest,3460.569457335249
